'Logo';'I';9;8.2;70;28;None;0;0;0;0;0;0;'I';'plantillas/logo.png';2
'EMPRESA';'T';10;29.5;98;34;'Arial';11;1;0;0;993860;16777215;'I';'';2
'MEMBRETE1';'T';10;35;98;39;'Arial';8;0;0;0;3359061;16777215;'I';'';2
'MEMBRETE2';'T';10;39;98;43;'Arial';8;0;0;0;3359061;16777215;'I';'';2
'IVA';'T';10;43;98;47;'Arial';8;0;0;0;3359061;16777215;'I';'';2
'CUIT.L';'T';96.00;31.00;120.00;35.00;'Arial';8;0;0;0;3359061;16777215;'I';'CUIT:';2
'CUIT';'T';122;31;164;35;'Arial';8;0;0;0;3359061;16777215;'I';'';2
'IIBB';'T';164;31;207;35;'Arial';8;0;0;0;3359061;16777215;'D';'';2
'INICIO';'T';122;36;207;40;'Arial';8;0;0;0;3359061;16777215;'I';'';2
'copia';'T';124;11.5;150;15;'Arial';8;0;0;0;9349315;16777215;'I';'Original';2
'ComprobanteEx.L';'T';124;15.5;207;21;'Arial';16;1;0;0;993860;16777215;'D';'FACTURA';2
'Comprobante.Nº';'T';124;22;140;27;'Arial';10;0;0;0;3359061;16777215;'I';'Nro:';2
'Numero';'T';141;22;207;27;'Arial';13;1;0;0;993860;16777215;'D';'0000-00000000';2
'Fecha.L';'T';124;27.5;140;31.5;'Arial';9;0;0;0;3359061;16777215;'I';'Fecha:';0
'Fecha';'T';141;27.5;207;31.5;'Arial';10;0;0;0;993860;16777215;'D';None;0
'LETRA';'T';99;12;112;24;'Arial';24;1;0;0;993860;16777215;'C';'X';2
'TipoCBTE';'T';97;25;114;29;'Arial';7;1;0;0;3359061;16777215;'C';'COD.01';2
'Cliente';'T';10;51;24;55;'Arial';8;1;0;0;993860;16777215;'I';'Cliente';0
'custom-nro-cli';'T';25;51;42;55;'Arial';8;0;0;0;3359061;16777215;'I';None;0
'Cliente.Nombre';'T';43;51;118;55;'Arial';9;1;0;0;993860;16777215;'I';None;0
'Cliente.TipoDoc';'T';122;51;141;55;'Arial';8;0;0;0;3359061;16777215;'I';'CUIT:';0
'Cliente.CUIT';'T';142;51;207;55;'Arial';9;0;0;0;993860;16777215;'D';None;0
'Cliente.Domicilio.L';'T';10;57;28;61;'Arial';8;0;0;0;6583435;16777215;'I';'Direccion:';0
'Cliente.Domicilio';'T';29;57;118;61;'Arial';8;0;0;0;3359061;16777215;'I';None;0
'Cliente.Localidad.L';'T';10;63;28;67;'Arial';8;0;0;0;6583435;16777215;'I';'Localidad:';0
'localidad_cli';'T';29;63;75;67;'Arial';8;0;0;0;3359061;16777215;'I';None;0
'Cliente.Provincia.L';'T';77;63;96;67;'Arial';8;0;0;0;6583435;16777215;'I';'Provincia:';0
'provincia_cli';'T';97;63;129;67;'Arial';8;0;0;0;3359061;16777215;'I';None;0
'Cliente.IVA.L';'T';132;57;143;61;'Arial';8;0;0;0;6583435;16777215;'I';'IVA:';0
'iva_cli';'T';144;57;207;61;'Arial';8;0;0;0;3359061;16777215;'D';None;0
'custom-tit-cond-venta';'T';132;63;158;67;'Arial';8;1;0;0;6583435;16777215;'I';'Forma de pago:';0
'forma_pago';'T';159;63;207;67;'Arial';8;0;0;0;3359061;16777215;'D';None;0
'PeriodoFacturadoL';'T';10;70;45;74;'Arial';8;0;0;0;6583435;16777215;'I';'Periodo facturado:';0
'Periodo.Desde';'T';46;70;68;74;'Arial';8;0;0;0;3359061;16777215;'I';'01/01/2009';0
'Periodo.Hasta';'T';69;70;91;74;'Arial';8;0;0;0;3359061;16777215;'I';'31/01/2009';0
'VencimientoL';'T';132;70;181;74;'Arial';8;0;0;0;6583435;16777215;'I';'Vencimiento de pago:';0
'Vencimiento';'T';182;70;207;74;'Arial';8;0;0;0;3359061;16777215;'D';'31/12/2009';0
'Item.Codigo';'T';10;83.5;28;88;'Arial';8;1;0;0;16777215;16777215;'C';'Codigo';0
'Item.Descripcion';'T';31;83.5;117;88;'Arial';8;1;0;0;16777215;16777215;'C';'Descripcion';0
'Item.Cantidad';'T';120;83.5;137;88;'Arial';8;1;0;0;16777215;16777215;'C';'Cantidad';0
'Item.Precio';'T';139;83.5;160;88;'Arial';8;1;0;0;16777215;16777215;'C';'Precio';0
'Item.AlicuotaIVA';'T';162;83.5;176;88;'Arial';8;1;0;0;16777215;16777215;'C';'IVA';0
'Item.Importe';'T';180;83.5;205;88;'Arial';8;1;0;0;16777215;16777215;'C';'Importe';0
'Item.Codigo01';'T';10;91.0;28;95.4;'Arial';8;0;0;0;3359061;16777215;'I';'';0
'Item.Descripcion01';'T';31;91.0;117;95.4;'Arial';8;0;0;0;988970;16777215;'I';'';0
'Item.Cantidad01';'T';120;91.0;137;95.4;'Arial';8;0;0;0;3359061;16777215;'D';'';0
'Item.Precio01';'T';139;91.0;160;95.4;'Arial';8;0;0;0;3359061;16777215;'D';'';0
'Item.AlicuotaIva01';'T';162;91.0;176;95.4;'Arial';8;0;0;0;3359061;16777215;'D';'';0
'Item.Importe01';'T';180;91.0;205;95.4;'Arial';8;0;0;0;988970;16777215;'D';'';0
'Item.Codigo02';'T';10;96.4;28;100.80000000000001;'Arial';8;0;0;0;3359061;16777215;'I';'';0
'Item.Descripcion02';'T';31;96.4;117;100.80000000000001;'Arial';8;0;0;0;988970;16777215;'I';'';0
'Item.Cantidad02';'T';120;96.4;137;100.80000000000001;'Arial';8;0;0;0;3359061;16777215;'D';'';0
'Item.Precio02';'T';139;96.4;160;100.80000000000001;'Arial';8;0;0;0;3359061;16777215;'D';'';0
'Item.AlicuotaIva02';'T';162;96.4;176;100.80000000000001;'Arial';8;0;0;0;3359061;16777215;'D';'';0
'Item.Importe02';'T';180;96.4;205;100.80000000000001;'Arial';8;0;0;0;988970;16777215;'D';'';0
'Item.Codigo03';'T';10;101.8;28;106.2;'Arial';8;0;0;0;3359061;16777215;'I';'';0
'Item.Descripcion03';'T';31;101.8;117;106.2;'Arial';8;0;0;0;988970;16777215;'I';'';0
'Item.Cantidad03';'T';120;101.8;137;106.2;'Arial';8;0;0;0;3359061;16777215;'D';'';0
'Item.Precio03';'T';139;101.8;160;106.2;'Arial';8;0;0;0;3359061;16777215;'D';'';0
'Item.AlicuotaIva03';'T';162;101.8;176;106.2;'Arial';8;0;0;0;3359061;16777215;'D';'';0
'Item.Importe03';'T';180;101.8;205;106.2;'Arial';8;0;0;0;988970;16777215;'D';'';0
'Item.Codigo04';'T';10;107.2;28;111.60000000000001;'Arial';8;0;0;0;3359061;16777215;'I';'';0
'Item.Descripcion04';'T';31;107.2;117;111.60000000000001;'Arial';8;0;0;0;988970;16777215;'I';'';0
'Item.Cantidad04';'T';120;107.2;137;111.60000000000001;'Arial';8;0;0;0;3359061;16777215;'D';'';0
'Item.Precio04';'T';139;107.2;160;111.60000000000001;'Arial';8;0;0;0;3359061;16777215;'D';'';0
'Item.AlicuotaIva04';'T';162;107.2;176;111.60000000000001;'Arial';8;0;0;0;3359061;16777215;'D';'';0
'Item.Importe04';'T';180;107.2;205;111.60000000000001;'Arial';8;0;0;0;988970;16777215;'D';'';0
'Item.Codigo05';'T';10;112.6;28;117.0;'Arial';8;0;0;0;3359061;16777215;'I';'';0
'Item.Descripcion05';'T';31;112.6;117;117.0;'Arial';8;0;0;0;988970;16777215;'I';'';0
'Item.Cantidad05';'T';120;112.6;137;117.0;'Arial';8;0;0;0;3359061;16777215;'D';'';0
'Item.Precio05';'T';139;112.6;160;117.0;'Arial';8;0;0;0;3359061;16777215;'D';'';0
'Item.AlicuotaIva05';'T';162;112.6;176;117.0;'Arial';8;0;0;0;3359061;16777215;'D';'';0
'Item.Importe05';'T';180;112.6;205;117.0;'Arial';8;0;0;0;988970;16777215;'D';'';0
'Item.Codigo06';'T';10;118.0;28;122.4;'Arial';8;0;0;0;3359061;16777215;'I';'';0
'Item.Descripcion06';'T';31;118.0;117;122.4;'Arial';8;0;0;0;988970;16777215;'I';'';0
'Item.Cantidad06';'T';120;118.0;137;122.4;'Arial';8;0;0;0;3359061;16777215;'D';'';0
'Item.Precio06';'T';139;118.0;160;122.4;'Arial';8;0;0;0;3359061;16777215;'D';'';0
'Item.AlicuotaIva06';'T';162;118.0;176;122.4;'Arial';8;0;0;0;3359061;16777215;'D';'';0
'Item.Importe06';'T';180;118.0;205;122.4;'Arial';8;0;0;0;988970;16777215;'D';'';0
'Item.Codigo07';'T';10;123.4;28;127.80000000000001;'Arial';8;0;0;0;3359061;16777215;'I';'';0
'Item.Descripcion07';'T';31;123.4;117;127.80000000000001;'Arial';8;0;0;0;988970;16777215;'I';'';0
'Item.Cantidad07';'T';120;123.4;137;127.80000000000001;'Arial';8;0;0;0;3359061;16777215;'D';'';0
'Item.Precio07';'T';139;123.4;160;127.80000000000001;'Arial';8;0;0;0;3359061;16777215;'D';'';0
'Item.AlicuotaIva07';'T';162;123.4;176;127.80000000000001;'Arial';8;0;0;0;3359061;16777215;'D';'';0
'Item.Importe07';'T';180;123.4;205;127.80000000000001;'Arial';8;0;0;0;988970;16777215;'D';'';0
'Item.Codigo08';'T';10;128.8;28;133.20000000000002;'Arial';8;0;0;0;3359061;16777215;'I';'';0
'Item.Descripcion08';'T';31;128.8;117;133.20000000000002;'Arial';8;0;0;0;988970;16777215;'I';'';0
'Item.Cantidad08';'T';120;128.8;137;133.20000000000002;'Arial';8;0;0;0;3359061;16777215;'D';'';0
'Item.Precio08';'T';139;128.8;160;133.20000000000002;'Arial';8;0;0;0;3359061;16777215;'D';'';0
'Item.AlicuotaIva08';'T';162;128.8;176;133.20000000000002;'Arial';8;0;0;0;3359061;16777215;'D';'';0
'Item.Importe08';'T';180;128.8;205;133.20000000000002;'Arial';8;0;0;0;988970;16777215;'D';'';0
'Item.Codigo09';'T';10;134.2;28;138.6;'Arial';8;0;0;0;3359061;16777215;'I';'';0
'Item.Descripcion09';'T';31;134.2;117;138.6;'Arial';8;0;0;0;988970;16777215;'I';'';0
'Item.Cantidad09';'T';120;134.2;137;138.6;'Arial';8;0;0;0;3359061;16777215;'D';'';0
'Item.Precio09';'T';139;134.2;160;138.6;'Arial';8;0;0;0;3359061;16777215;'D';'';0
'Item.AlicuotaIva09';'T';162;134.2;176;138.6;'Arial';8;0;0;0;3359061;16777215;'D';'';0
'Item.Importe09';'T';180;134.2;205;138.6;'Arial';8;0;0;0;988970;16777215;'D';'';0
'Item.Codigo10';'T';10;139.6;28;144.0;'Arial';8;0;0;0;3359061;16777215;'I';'';0
'Item.Descripcion10';'T';31;139.6;117;144.0;'Arial';8;0;0;0;988970;16777215;'I';'';0
'Item.Cantidad10';'T';120;139.6;137;144.0;'Arial';8;0;0;0;3359061;16777215;'D';'';0
'Item.Precio10';'T';139;139.6;160;144.0;'Arial';8;0;0;0;3359061;16777215;'D';'';0
'Item.AlicuotaIva10';'T';162;139.6;176;144.0;'Arial';8;0;0;0;3359061;16777215;'D';'';0
'Item.Importe10';'T';180;139.6;205;144.0;'Arial';8;0;0;0;988970;16777215;'D';'';0
'Item.Codigo11';'T';10;145.0;28;149.4;'Arial';8;0;0;0;3359061;16777215;'I';'';0
'Item.Descripcion11';'T';31;145.0;117;149.4;'Arial';8;0;0;0;988970;16777215;'I';'';0
'Item.Cantidad11';'T';120;145.0;137;149.4;'Arial';8;0;0;0;3359061;16777215;'D';'';0
'Item.Precio11';'T';139;145.0;160;149.4;'Arial';8;0;0;0;3359061;16777215;'D';'';0
'Item.AlicuotaIva11';'T';162;145.0;176;149.4;'Arial';8;0;0;0;3359061;16777215;'D';'';0
'Item.Importe11';'T';180;145.0;205;149.4;'Arial';8;0;0;0;988970;16777215;'D';'';0
'Item.Codigo12';'T';10;150.4;28;154.8;'Arial';8;0;0;0;3359061;16777215;'I';'';0
'Item.Descripcion12';'T';31;150.4;117;154.8;'Arial';8;0;0;0;988970;16777215;'I';'';0
'Item.Cantidad12';'T';120;150.4;137;154.8;'Arial';8;0;0;0;3359061;16777215;'D';'';0
'Item.Precio12';'T';139;150.4;160;154.8;'Arial';8;0;0;0;3359061;16777215;'D';'';0
'Item.AlicuotaIva12';'T';162;150.4;176;154.8;'Arial';8;0;0;0;3359061;16777215;'D';'';0
'Item.Importe12';'T';180;150.4;205;154.8;'Arial';8;0;0;0;988970;16777215;'D';'';0
'Item.Codigo13';'T';10;155.8;28;160.20000000000002;'Arial';8;0;0;0;3359061;16777215;'I';'';0
'Item.Descripcion13';'T';31;155.8;117;160.20000000000002;'Arial';8;0;0;0;988970;16777215;'I';'';0
'Item.Cantidad13';'T';120;155.8;137;160.20000000000002;'Arial';8;0;0;0;3359061;16777215;'D';'';0
'Item.Precio13';'T';139;155.8;160;160.20000000000002;'Arial';8;0;0;0;3359061;16777215;'D';'';0
'Item.AlicuotaIva13';'T';162;155.8;176;160.20000000000002;'Arial';8;0;0;0;3359061;16777215;'D';'';0
'Item.Importe13';'T';180;155.8;205;160.20000000000002;'Arial';8;0;0;0;988970;16777215;'D';'';0
'Item.Codigo14';'T';10;161.2;28;165.6;'Arial';8;0;0;0;3359061;16777215;'I';'';0
'Item.Descripcion14';'T';31;161.2;117;165.6;'Arial';8;0;0;0;988970;16777215;'I';'';0
'Item.Cantidad14';'T';120;161.2;137;165.6;'Arial';8;0;0;0;3359061;16777215;'D';'';0
'Item.Precio14';'T';139;161.2;160;165.6;'Arial';8;0;0;0;3359061;16777215;'D';'';0
'Item.AlicuotaIva14';'T';162;161.2;176;165.6;'Arial';8;0;0;0;3359061;16777215;'D';'';0
'Item.Importe14';'T';180;161.2;205;165.6;'Arial';8;0;0;0;988970;16777215;'D';'';0
'Item.Codigo15';'T';10;166.60000000000002;28;171.00000000000003;'Arial';8;0;0;0;3359061;16777215;'I';'';0
'Item.Descripcion15';'T';31;166.60000000000002;117;171.00000000000003;'Arial';8;0;0;0;988970;16777215;'I';'';0
'Item.Cantidad15';'T';120;166.60000000000002;137;171.00000000000003;'Arial';8;0;0;0;3359061;16777215;'D';'';0
'Item.Precio15';'T';139;166.60000000000002;160;171.00000000000003;'Arial';8;0;0;0;3359061;16777215;'D';'';0
'Item.AlicuotaIva15';'T';162;166.60000000000002;176;171.00000000000003;'Arial';8;0;0;0;3359061;16777215;'D';'';0
'Item.Importe15';'T';180;166.60000000000002;205;171.00000000000003;'Arial';8;0;0;0;988970;16777215;'D';'';0
'Item.Codigo16';'T';10;172.0;28;176.4;'Arial';8;0;0;0;3359061;16777215;'I';'';0
'Item.Descripcion16';'T';31;172.0;117;176.4;'Arial';8;0;0;0;988970;16777215;'I';'';0
'Item.Cantidad16';'T';120;172.0;137;176.4;'Arial';8;0;0;0;3359061;16777215;'D';'';0
'Item.Precio16';'T';139;172.0;160;176.4;'Arial';8;0;0;0;3359061;16777215;'D';'';0
'Item.AlicuotaIva16';'T';162;172.0;176;176.4;'Arial';8;0;0;0;3359061;16777215;'D';'';0
'Item.Importe16';'T';180;172.0;205;176.4;'Arial';8;0;0;0;988970;16777215;'D';'';0
'Item.Codigo17';'T';10;177.4;28;181.8;'Arial';8;0;0;0;3359061;16777215;'I';'';0
'Item.Descripcion17';'T';31;177.4;117;181.8;'Arial';8;0;0;0;988970;16777215;'I';'';0
'Item.Cantidad17';'T';120;177.4;137;181.8;'Arial';8;0;0;0;3359061;16777215;'D';'';0
'Item.Precio17';'T';139;177.4;160;181.8;'Arial';8;0;0;0;3359061;16777215;'D';'';0
'Item.AlicuotaIva17';'T';162;177.4;176;181.8;'Arial';8;0;0;0;3359061;16777215;'D';'';0
'Item.Importe17';'T';180;177.4;205;181.8;'Arial';8;0;0;0;988970;16777215;'D';'';0
'Item.Codigo18';'T';10;182.8;28;187.20000000000002;'Arial';8;0;0;0;3359061;16777215;'I';'';0
'Item.Descripcion18';'T';31;182.8;117;187.20000000000002;'Arial';8;0;0;0;988970;16777215;'I';'';0
'Item.Cantidad18';'T';120;182.8;137;187.20000000000002;'Arial';8;0;0;0;3359061;16777215;'D';'';0
'Item.Precio18';'T';139;182.8;160;187.20000000000002;'Arial';8;0;0;0;3359061;16777215;'D';'';0
'Item.AlicuotaIva18';'T';162;182.8;176;187.20000000000002;'Arial';8;0;0;0;3359061;16777215;'D';'';0
'Item.Importe18';'T';180;182.8;205;187.20000000000002;'Arial';8;0;0;0;988970;16777215;'D';'';0
'Item.Codigo19';'T';10;188.2;28;192.6;'Arial';8;0;0;0;3359061;16777215;'I';'';0
'Item.Descripcion19';'T';31;188.2;117;192.6;'Arial';8;0;0;0;988970;16777215;'I';'';0
'Item.Cantidad19';'T';120;188.2;137;192.6;'Arial';8;0;0;0;3359061;16777215;'D';'';0
'Item.Precio19';'T';139;188.2;160;192.6;'Arial';8;0;0;0;3359061;16777215;'D';'';0
'Item.AlicuotaIva19';'T';162;188.2;176;192.6;'Arial';8;0;0;0;3359061;16777215;'D';'';0
'Item.Importe19';'T';180;188.2;205;192.6;'Arial';8;0;0;0;988970;16777215;'D';'';0
'Item.Codigo20';'T';10;193.60000000000002;28;198.00000000000003;'Arial';8;0;0;0;3359061;16777215;'I';'';0
'Item.Descripcion20';'T';31;193.60000000000002;117;198.00000000000003;'Arial';8;0;0;0;988970;16777215;'I';'';0
'Item.Cantidad20';'T';120;193.60000000000002;137;198.00000000000003;'Arial';8;0;0;0;3359061;16777215;'D';'';0
'Item.Precio20';'T';139;193.60000000000002;160;198.00000000000003;'Arial';8;0;0;0;3359061;16777215;'D';'';0
'Item.AlicuotaIva20';'T';162;193.60000000000002;176;198.00000000000003;'Arial';8;0;0;0;3359061;16777215;'D';'';0
'Item.Importe20';'T';180;193.60000000000002;205;198.00000000000003;'Arial';8;0;0;0;988970;16777215;'D';'';0
'Item.Codigo21';'T';10;199.0;28;203.4;'Arial';8;0;0;0;3359061;16777215;'I';'';0
'Item.Descripcion21';'T';31;199.0;117;203.4;'Arial';8;0;0;0;988970;16777215;'I';'';0
'Item.Cantidad21';'T';120;199.0;137;203.4;'Arial';8;0;0;0;3359061;16777215;'D';'';0
'Item.Precio21';'T';139;199.0;160;203.4;'Arial';8;0;0;0;3359061;16777215;'D';'';0
'Item.AlicuotaIva21';'T';162;199.0;176;203.4;'Arial';8;0;0;0;3359061;16777215;'D';'';0
'Item.Importe21';'T';180;199.0;205;203.4;'Arial';8;0;0;0;988970;16777215;'D';'';0
'Item.Codigo22';'T';10;204.4;28;208.8;'Arial';8;0;0;0;3359061;16777215;'I';'';0
'Item.Descripcion22';'T';31;204.4;117;208.8;'Arial';8;0;0;0;988970;16777215;'I';'';0
'Item.Cantidad22';'T';120;204.4;137;208.8;'Arial';8;0;0;0;3359061;16777215;'D';'';0
'Item.Precio22';'T';139;204.4;160;208.8;'Arial';8;0;0;0;3359061;16777215;'D';'';0
'Item.AlicuotaIva22';'T';162;204.4;176;208.8;'Arial';8;0;0;0;3359061;16777215;'D';'';0
'Item.Importe22';'T';180;204.4;205;208.8;'Arial';8;0;0;0;988970;16777215;'D';'';0
'Item.Codigo23';'T';10;209.8;28;214.20000000000002;'Arial';8;0;0;0;3359061;16777215;'I';'';0
'Item.Descripcion23';'T';31;209.8;117;214.20000000000002;'Arial';8;0;0;0;988970;16777215;'I';'';0
'Item.Cantidad23';'T';120;209.8;137;214.20000000000002;'Arial';8;0;0;0;3359061;16777215;'D';'';0
'Item.Precio23';'T';139;209.8;160;214.20000000000002;'Arial';8;0;0;0;3359061;16777215;'D';'';0
'Item.AlicuotaIva23';'T';162;209.8;176;214.20000000000002;'Arial';8;0;0;0;3359061;16777215;'D';'';0
'Item.Importe23';'T';180;209.8;205;214.20000000000002;'Arial';8;0;0;0;988970;16777215;'D';'';0
'Item.Codigo24';'T';10;215.2;28;219.6;'Arial';8;0;0;0;3359061;16777215;'I';'';0
'Item.Descripcion24';'T';31;215.2;117;219.6;'Arial';8;0;0;0;988970;16777215;'I';'';0
'Item.Cantidad24';'T';120;215.2;137;219.6;'Arial';8;0;0;0;3359061;16777215;'D';'';0
'Item.Precio24';'T';139;215.2;160;219.6;'Arial';8;0;0;0;3359061;16777215;'D';'';0
'Item.AlicuotaIva24';'T';162;215.2;176;219.6;'Arial';8;0;0;0;3359061;16777215;'D';'';0
'Item.Importe24';'T';180;215.2;205;219.6;'Arial';8;0;0;0;988970;16777215;'D';'';0
'subtotal.L';'T';151;233;181;237;'Arial';8;0;0;0;6583435;16777215;'I';'Subtotal:';0
'subtotal';'T';182;233;205;237;'Arial';8;0;0;0;988970;16777215;'D';'';0
'NETO.L';'T';151;238;181;242;'Arial';8;0;0;0;6583435;16777215;'I';'Neto:';0
'NETO';'T';182;238;205;242;'Arial';8;0;0;0;988970;16777215;'D';'';0
'IVA.L';'T';151;243;181;247;'Arial';8;0;0;0;6583435;16777215;'I';'IVA:';0
'IVALIQ';'T';182;243;205;247;'Arial';8;0;0;0;988970;16777215;'D';'';0
'NGRA.L';'T';151;248;181;252;'Arial';8;0;0;0;6583435;16777215;'I';'No Gravado:';0
'imp_tot_conc';'T';182;248;205;252;'Arial';8;0;0;0;988970;16777215;'D';'';0
'EXENTO.L';'T';151;253;181;257;'Arial';8;0;0;0;6583435;16777215;'I';'Exento:';0
'imp_op_ex';'T';182;253;205;257;'Arial';8;0;0;0;988970;16777215;'D';'';0
'Total.L';'T';151;280.7;179;286;'Arial';11;1;0;0;993860;16777215;'I';'Total:';0
'TOTAL';'T';180;280.7;205;286;'Arial';12;1;0;0;993860;16777215;'D';None;0
'IVA2.5.L';'T';151;258;181;261.5;'Arial';7;0;0;0;6583435;16777215;'I';'IVA 2.5%';0
'IVA2.5';'T';182;258;205;261.5;'Arial';7;0;0;0;988970;16777215;'D';None;0
'IVA5.L';'T';151;262;181;265.5;'Arial';7;0;0;0;6583435;16777215;'I';'IVA 5%';0
'IVA5';'T';182;262;205;265.5;'Arial';7;0;0;0;988970;16777215;'D';None;0
'IVA10.5.L';'T';151;266;181;269.5;'Arial';7;0;0;0;6583435;16777215;'I';'IVA 10.5%';0
'IVA10.5';'T';182;266;205;269.5;'Arial';7;0;0;0;988970;16777215;'D';None;0
'IVA21.L';'T';151;270;181;273.5;'Arial';7;0;0;0;6583435;16777215;'I';'IVA 21%';0
'IVA21';'T';182;270;205;273.5;'Arial';7;0;0;0;988970;16777215;'D';None;0
'IVA27.L';'T';151;274;181;277.5;'Arial';7;0;0;0;6583435;16777215;'I';'IVA 27%';0
'IVA27';'T';182;274;205;277.5;'Arial';7;0;0;0;988970;16777215;'D';None;0
'QR';'I';12;248;37;273;None;0;0;0;0;0;0;'I';'plantillas/logo.png';2
'CAE.L';'T';42;249;58;253;'Arial';9;1;0;0;993860;16777215;'I';'C.A.E.';0
'CAE';'T';59;249;105;253;'Arial';9;1;0;0;988970;16777215;'I';'61101021770094';0
'CAE.Vencimiento.L';'T';42;255;72;259;'Arial';8;1;0;0;6583435;16777215;'I';'Vto. CAE:';0
'CAE.Vencimiento';'T';73;255;105;259;'Arial';8;1;0;0;988970;16777215;'I';'31/12/2010';0
'estado';'T';42;262;105;266;'Arial';8;1;1;0;6583435;16777215;'I';'';0
'motivos_ds.L';'T';10;276;108;280;'Arial';8;1;0;0;6583435;16777215;'I';'Observaciones AFIP';0
'motivos_ds1';'T';10;280;108;283.5;'Arial';7;0;1;0;6583435;16777215;'I';'';0
'motivos_ds2';'T';10;283.5;108;287;'Arial';7;0;1;0;6583435;16777215;'I';'';0
'custom-nota1';'T';112;272;205;276;'Arial';7;0;0;0;9349315;16777215;'C';'';0
'custom-nota2';'T';112;276;205;280;'Arial';7;0;0;0;9349315;16777215;'C';'';0
'custom-nota3';'T';112;287;205;291;'Arial';6;0;0;0;9349315;16777215;'D';'';0
'creditoSoftware';'T';10.00;291.00;150.00;295.00;'Arial';5;0;0;0;0x666666;0xFFFFFF;'I';'';0
